USE oa_office;

-- =============================================
-- 1. 部门表数据
-- =============================================
INSERT INTO sys_dept (id, dept_name, dept_code, sort, status) VALUES
(1, '研发部', 'RD', 1, 1),
(2, '市场部', 'MARKET', 2, 1),
(3, '产品部', 'PM', 3, 1),
(4, '财务部', 'FINANCE', 4, 1),
(5, '人事部', 'HR', 5, 1);

-- =============================================
-- 2. 角色表数据
-- =============================================
INSERT INTO sys_role (id, role_name, role_code, description, status) VALUES
(1, '超级管理员', 'admin', '系统最高权限，可操作所有模块', 1),
(2, '普通员工', 'staff', '基础办公权限，可提交申请、查看个人数据', 1),
(3, '部门经理', 'manager', '部门管理权限，可审批本部门申请', 1),
(4, 'HR管理员', 'hr', '人事管理权限，可维护员工档案', 1),
(5, '财务管理员', 'finance', '财务审批权限，可审核报销单据', 1);

-- =============================================
-- 3. 菜单权限表数据
-- =============================================
INSERT INTO sys_menu (id, parent_id, menu_name, path, component, perms, type, icon, sort) VALUES
(1, 0, '工作台', '/dashboard', 'workbench/index', '', 1, 'DataBoard', 1),
(2, 0, '考勤日历', '/attendance', 'attendance/calendar', '', 1, 'Calendar', 2),
(3, 0, '审批流', '/approval', 'approval/list', '', 1, 'Document', 3),
(4, 0, '通知中心', '/notice', 'notice/index', '', 1, 'Bell', 4),
(5, 0, '数据看板', '/report', 'report/dashboard', '', 1, 'DataAnalysis', 5);

-- =============================================
-- 4. 用户表数据（密码：123456）
-- =============================================
INSERT INTO sys_user (id, username, password, emp_id, status) VALUES
(1, 'admin', '$2a$10$7JB720yubVSZvUI0rEqK/.VqGOZTH.ulu33dHOiBE8ByOhJIrdAu2', 1, 1),
(2, 'zhangsan', '$2a$10$7JB720yubVSZvUI0rEqK/.VqGOZTH.ulu33dHOiBE8ByOhJIrdAu2', 1, 1),
(3, 'lisi', '$2a$10$7JB720yubVSZvUI0rEqK/.VqGOZTH.ulu33dHOiBE8ByOhJIrdAu2', 2, 1),
(4, 'zhaoliu', '$2a$10$7JB720yubVSZvUI0rEqK/.VqGOZTH.ulu33dHOiBE8ByOhJIrdAu2', 4, 1),
(5, 'sunqi', '$2a$10$7JB720yubVSZvUI0rEqK/.VqGOZTH.ulu33dHOiBE8ByOhJIrdAu2', 5, 1);

-- =============================================
-- 5. 用户角色关联表数据
-- =============================================
INSERT INTO sys_user_role (id, user_id, role_id) VALUES
(1, 1, 1),
(2, 2, 2),
(3, 3, 3),
(4, 4, 5),
(5, 5, 4);

-- =============================================
-- 6. 角色菜单关联表数据
-- =============================================
INSERT INTO sys_role_menu (id, role_id, menu_id) VALUES
(1, 1, 1),
(2, 1, 2),
(3, 1, 3),
(4, 1, 4),
(5, 1, 5);

-- =============================================
-- 7. 员工档案表数据
-- =============================================
INSERT INTO emp_employee (id, emp_no, name, gender, dept_id, position, entry_date, status, phone, email) VALUES
(1, 'E2024001', '张三', 1, 1, 'Java工程师', '2024-03-01', 1, '13800138001', 'zhangsan@oa.com'),
(2, 'E2024002', '李四', 1, 2, '销售经理', '2023-06-15', 1, '13800138002', 'lisi@oa.com'),
(3, 'E2024003', '王五', 1, 3, '产品经理', '2024-01-10', 1, '13800138003', 'wangwu@oa.com'),
(4, 'E2024004', '赵六', 0, 4, '财务主管', '2022-09-01', 1, '13800138004', 'zhaoliu@oa.com'),
(5, 'E2024005', '孙七', 0, 5, 'HRBP', '2023-12-01', 2, '13800138005', 'sunqi@oa.com');

-- =============================================
-- 8. 考勤打卡表数据
-- =============================================
INSERT INTO attendance_checkin (id, emp_id, check_date, check_in_time, check_out_time, status) VALUES
(1, 1, '2026-05-08', '2026-05-08 08:55:00', '2026-05-08 18:05:00', 1),
(2, 1, '2026-05-09', '2026-05-09 09:15:00', '2026-05-09 18:10:00', 2),
(3, 1, '2026-05-13', NULL, '2026-05-13 18:00:00', 3),
(4, 1, '2026-05-05', NULL, NULL, 4),
(5, 1, '2026-05-16', '2026-05-16 09:20:00', '2026-05-16 18:00:00', 2);

-- =============================================
-- 9. 请假申请表数据
-- =============================================
INSERT INTO leave_application (id, leave_no, emp_id, leave_type, start_date, end_date, days, reason, status) VALUES
(1, 'QJ202605001', 2, 1, '2026-05-20', '2026-05-20', 1.0, '身体不适需就医检查', 'PENDING'),
(2, 'QJ202605002', 1, 3, '2026-05-05', '2026-05-05', 1.0, '个人年假调休', 'COMPLETED'),
(3, 'QJ202605003', 3, 2, '2026-05-18', '2026-05-19', 2.0, '家中事务需处理', 'MANAGER_APPROVED'),
(4, 'QJ202605004', 5, 4, '2026-05-22', '2026-05-22', 1.0, '加班调休休息', 'PENDING'),
(5, 'QJ202605005', 4, 1, '2026-05-10', '2026-05-10', 1.0, '感冒发热需休息', 'REJECTED');

-- =============================================
-- 10. 加班申请表数据
-- =============================================
INSERT INTO overtime_application (id, overtime_no, emp_id, overtime_type, start_time, end_time, hours, reason, status) VALUES
(1, 'JB202605001', 1, 1, '2026-05-15 18:00:00', '2026-05-15 21:00:00', 3.0, '项目上线迭代开发', 'PENDING'),
(2, 'JB202605002', 2, 2, '2026-05-17 09:00:00', '2026-05-17 18:00:00', 8.0, '客户方案制作', 'COMPLETED'),
(3, 'JB202605003', 3, 1, '2026-05-19 18:30:00', '2026-05-19 20:30:00', 2.0, '产品需求评审', 'MANAGER_APPROVED'),
(4, 'JB202605004', 4, 2, '2026-05-24 10:00:00', '2026-05-24 12:00:00', 2.0, '月度账务核对', 'PENDING'),
(5, 'JB202605005', 5, 3, '2026-05-01 09:00:00', '2026-05-01 18:00:00', 8.0, '假期招聘安排', 'REJECTED');

-- =============================================
-- 11. 会议室表数据
-- =============================================
INSERT INTO meeting_room (id, room_name, room_code, capacity, location, status) VALUES
(1, '大会议室', 'MR001', 30, '3楼东侧', 1),
(2, '小会议室', 'MR002', 10, '3楼西侧', 1),
(3, '洽谈室', 'MR003', 6, '2楼前台旁', 1),
(4, '培训室', 'MR004', 50, '4楼报告厅', 1),
(5, '部门会议室', 'MR005', 15, '2楼研发区', 1);

-- =============================================
-- 12. 会议预约表数据
-- =============================================
INSERT INTO meeting_reservation (id, reservation_no, room_id, emp_id, meeting_title, start_time, end_time, description, remind_status, status) VALUES
(1, 'HY202605001', 1, 3, '产品评审会', '2026-05-20 14:00:00', '2026-05-20 16:00:00', '评审5月新需求方案', 0, 1),
(2, 'HY202605002', 2, 1, '技术方案评审', '2026-05-21 10:00:00', '2026-05-21 12:00:00', '评审系统架构优化方案', 0, 1),
(3, 'HY202605003', 3, 2, '客户洽谈会', '2026-05-19 15:00:00', '2026-05-19 17:00:00', '对接合作项目细节', 1, 1),
(4, 'HY202605004', 4, 5, '新员工培训', '2026-05-25 09:00:00', '2026-05-25 12:00:00', '新员工入职制度培训', 0, 1),
(5, 'HY202605005', 5, 4, '财务月度复盘', '2026-05-30 14:00:00', '2026-05-30 16:00:00', '5月财务数据复盘', 0, 1);

-- =============================================
-- 13. 报销单主表数据
-- =============================================
INSERT INTO expense_report (id, report_no, emp_id, total_amount, expense_type, invoice_url, description, status) VALUES
(1, 'BX20250519001', 1, 2350.00, '差旅费', '/upload/invoice/001.jpg', '北京出差差旅费用', 'COMPLETED'),
(2, 'BX20250518002', 2, 1680.00, '招待费', '/upload/invoice/002.jpg', '客户招待餐饮费用', 'PENDING'),
(3, 'BX20250517003', 3, 890.00, '办公费', '/upload/invoice/003.jpg', '办公耗材采购费用', 'MANAGER_APPROVED'),
(4, 'BX20250516004', 5, 320.00, '办公费', '/upload/invoice/004.jpg', '打印纸采购', 'FINANCE_APPROVED'),
(5, 'BX20250515005', 4, 1200.00, '差旅费', '/upload/invoice/005.jpg', '税务办理出差费用', 'REJECTED');

-- =============================================
-- 14. 报销明细表数据
-- =============================================
INSERT INTO expense_report_item (id, report_id, item_name, amount, expense_date, remark) VALUES
(1, 1, '往返高铁票', 1050.00, '2026-05-15', '北京往返高铁二等座'),
(2, 1, '酒店住宿费', 1300.00, '2026-05-15', '两晚酒店住宿'),
(3, 2, '餐饮招待费', 1680.00, '2026-05-18', '客户商务宴请'),
(4, 3, '办公耗材', 890.00, '2026-05-17', '键盘、鼠标等耗材'),
(5, 4, 'A4打印纸', 320.00, '2026-05-16', 'A4打印纸10箱');

-- =============================================
-- 15. 审批记录表数据
-- =============================================
INSERT INTO approval_record (id, business_type, business_id, approver_id, approval_result, approval_opinion, approval_time) VALUES
(1, 'EXPENSE', 1, 3, 1, '同意报销，请走财务流程', '2026-05-19 10:15:00'),
(2, 'EXPENSE', 1, 4, 1, '发票合规，金额无误，同意付款', '2026-05-19 11:00:00'),
(3, 'LEAVE', 1, 3, 1, '情况属实，批准请假', '2026-05-19 09:30:00'),
(4, 'EXPENSE', 2, 3, 1, '业务相关，同意提交财务', '2026-05-18 16:00:00'),
(5, 'OVERTIME', 5, 3, 2, '加班时长与项目进度不符，请核实', '2026-05-17 15:00:00');

-- =============================================
-- 16. 公告表数据
-- =============================================
INSERT INTO sys_notice (id, title, content, publisher_id, type, status) VALUES
(1, '端午节放假通知', '<p>2026年端午节放假时间为6月22日-24日，共3天，请提前安排好工作。</p>', 5, 2, 1),
(2, '5月考勤补卡通知', '<p>请各位员工于5月31日前完成本月考勤异常补卡申请，逾期不予处理。</p>', 5, 1, 1),
(3, '新员工入职培训安排', '<p>本月新员工培训将于5月25日在4楼培训室开展，请相关人员准时参加。</p>', 5, 1, 1),
(4, '财务报销规范更新', '<p>自6月1日起，报销发票需提供电子发票原件，纸质发票不再受理。</p>', 4, 1, 1),
(5, '系统升级维护通知', '<p>系统将于5月28日晚22:00-24:00进行升级维护，届时将暂停服务。</p>', 1, 2, 1);

-- =============================================
-- 17. 公告阅读记录表数据
-- =============================================
INSERT INTO sys_notice_read (id, notice_id, user_id, read_time) VALUES
(1, 1, 1, '2026-05-18 17:00:00'),
(2, 2, 1, '2026-05-17 10:00:00'),
(3, 3, 2, '2026-05-19 09:00:00'),
(4, 4, 3, '2026-05-18 14:00:00'),
(5, 5, 4, '2026-05-19 11:00:00');

-- =============================================
-- 角色菜单权限补充
-- =============================================
DELETE FROM sys_role_menu WHERE role_id != 1;

INSERT INTO sys_role_menu (role_id, menu_id) VALUES
(2, 1), (2, 2), (2, 4);

INSERT INTO sys_role_menu (role_id, menu_id) VALUES
(3, 1), (3, 2), (3, 3), (3, 4);

INSERT INTO sys_role_menu (role_id, menu_id) VALUES
(4, 1), (4, 2), (4, 4), (4, 5);

INSERT INTO sys_role_menu (role_id, menu_id) VALUES
(5, 1), (5, 3), (5, 4), (5, 5);
